穷游锦囊,qiong-you-jin-nang,607355
斌卡,binka,544208
王尼玛,wang-ni-ma-94,653399
肥肥猫,feifeimao,532863
张亮,imike,859221
动机在杭州,dong-ji-zai-hang-zhou,677502
李淼,lisanshui1230,897238
chenqin,chenqin,689139
周源,zhouyuan,974899
李开复,kaifulee,1072525
maggie,magie,676350
无耻采铜,cai-tong,652482
陈柏龄,chenbailing,669977
朱炫,zhu-xuan-86,786238
黄继新,jixin,888690
梁边妖,liangbianyao,696942
葛巾,gejinyuban,717219
马伯庸,ma-bo-yong,855428
cOMMANDO,commando,541076
中国科普博览,zhong-guo-ke-pu-bo-lan,511632
程毅南,cheng-yi-nan,597904
田吉顺,tian-ji-shun,853704
Nordenbox,nordenbox,547585
talich,talich,536111
Raymond Wang,raymond-wang,825608
magasa,magasa,667969
丁香医生,ding-xiang-yi-sheng,2225797
张佳玮,zhang-jia-wei,2251526
陈章鱼,ChenZhangyu,796566
warfalcon,warfalcon,897488
何明科,he-ming-ke,513985
vczh,excited-vczh,798656
汪惟,ccat,526423
张小北,zhang-xiao-bei,933245
马力,mali,581359
下厨房,xia-chu-fang,715816
知乎日报,zhi-hu-ri-bao-51-41,3990955
知科技,zhi-ke-ji-13,547077
刘看山,liu-kan-shan-78,2336578
张译,guo-zi-501,683383
周晓农,zhou-xiao-nong,614309
寺主人,sizhuren,851139
李松蔚,lisongwei,736297
真实故事计划,zhen-shi-gu-shi-ji-hua,557972
KnowYourself,knowyourself-1,1274835
菠菜,bo-cai-28-7,603005
Jennyyy,thejennyyy,658388
高科,gao-ke-69,691337
Lens,lens-27,591354